{"cameraMode":{"drawMode":0,"name":"Shaded","section":"Shading Mode"},"sceneLighting":true,"audioPlay":false,"sceneViewState":{"m_AlwaysRefresh":false,"showFog":false,"showSkybox":false,"showFlares":false,"showImageEffects":false,"showParticleSystems":false,"showVisualEffectGraphs":true,"m_FxEnabled":true},"in2DMode":false,"pivot":{"x":502.9085998535156,"y":121.38301086425781,"z":563.8123779296875},"rotation":{"x":0.007938822731375695,"y":-0.9918845891952515,"z":-0.09852053970098496,"w":-0.08022793382406235},"size":10.449999809265137,"orthographic":false}